{"R": 125.0282215425618, "G": 116.02089282410553, "B": 106.16283080336639}